name,is_valid,valid_name,synonym_optional
Abolbodaceae,N,Xyridaceae,
Abrophyllaceae,N,Rousseaceae,
Acanthaceae,Y,,
Acanthochlamydaceae,N,Velloziaceae,
Aceraceae,N,Sapindaceae,
Achariaceae,Y,,
Achatocarpaceae,Y,,
Achradaceae,N,Sapotaceae,
Acoraceae,Y,,
Actinidiaceae,Y,,
Adoxaceae,Y,,
Aegialitidaceae,N,Plumbaginaceae,
Aegicerataceae,N,Myrsinaceae,
Aextoxicaceae,Y,,
Agapanthaceae,N,Alliaceae,Y
Agavaceae,N,Asparagaceae,Y
Agdestidaceae,N,Phytolaccaceae,
Aizoaceae,Y,,
Akaniaceae,Y,,
Alangiaceae,N,Cornaceae,
Aldrovandaceae,N,Droseraceae,
Alismataceae,Y,,
Alliaceae,Y,,
Aloaceae,N,Asphodelaceae,
Aloaceae,N,Xanthorrhoeaceae,Y
Alseuosmiaceae,Y,,
Alsinaceae,N,Caryophyllaceae,
Alstroemeriaceae,Y,,
Altingiaceae,Y,,
Alzateaceae,Y,,
Amaranthaceae,Y,,
Amaryllidaceae,N,Alliaceae,Y
Amborellaceae,Y,,
Ambrosiaceae,N,Asteraceae,
Amygdalaceae,N,Rosaceae,
Amyridaceae,N,Rutaceae,
Anacardiaceae,Y,,
Anarthriaceae,Y,,
Ancistrocladaceae,Y,,
Androstachyaceae,N,Picrodendraceae,
Anemarrhenaceae,N,Agavaceae,
Anemarrhenaceae,N,Asparagaceae,Y
Anisophylleaceae,Y,,
Annonaceae,Y,,
Anomochloaceae,N,Poaceae,
Anopteraceae,N,Escalloniaceae,
Anthericaceae,N,Agavaceae,
Anthericaceae,N,Asparagaceae,Y
Antirrhinaceae,N,Plantaginaceae,
Antoniaceae,N,Loganiaceae,
Aphanopetalaceae,Y,,
Aphloiaceae,Y,,
Aphyllanthaceae,N,Asparagaceae,Y
Apiaceae,Y,,
Apocynaceae,Y,,
Apodanthaceae,N,Rafflesiaceae,
Aponogetonaceae,Y,,
Apostasiaceae,N,Orchidaceae,
Aptandraceae,N,Olacaceae,
Aquifoliaceae,Y,,
Aquilariaceae,N,Thymelaeaceae,
Araceae,Y,,
Aragoaceae,N,Plantaginaceae,
Araliaceae,Y,,
Aralidiaceae,Y,,
Arecaceae,Y,,
Argophyllaceae,Y,,
Aristoteliaceae,N,Elaeocarpaceae,
Aristolochiaceae,Y,,
Asclepiadaceae,N,Apocynaceae,
Asparagaceae,Y,,
Asphodelaceae,N,Xanthorrhoeaceae,Y
Aspidistraceae,N,Ruscaceae,
Aspidistraceae,N,Asparagaceae,Y
Asteliaceae,Y,,
Asteraceae,Y,,
Asteranthaceae,N,Lecythidaceae,
Asteropeiaceae,Y,,
Atherospermataceae,Y,,
Aucubaceae,N,Garryaceae,Y
Austrobaileyaceae,Y,,
Averrhoaceae,N,Oxalidaceae,
Avetraceae,N,Dioscoreaceae,
Avicenniaceae,N,Acanthaceae,
Balanitaceae,N,Zygophyllaceae,
Balanitaceae,N,Zygophyllaceae,
Balanopaceae,Y,,
Balanophoraceae,Y,,
Balsaminaceae,Y,,
Bambusaceae,N,Poaceae,
Barbeuiaceae,Y,,
Barbeyaceae,Y,,
Barclayaceae,N,Nymphaeaceae,
Barringtoniaceae,N,Lecythidaceae,
Basellaceae,Y,,
Bataceae,Y,,
Baueraceae,N,Cunoniaceae,
Baxteriaceae,N,Dasypogonaceae,
Begoniaceae,Y,,
Behniaceae,N,Agavaceae,
Behniaceae,N,Asparagaceae,Y
Bembiciaceae,N,Salicaceae,
Berberidaceae,Y,,
Berberidopsidaceae,Y,,
Berryaceae,N,Malvaceae,
Bersamaceae,N,Melianthaceae,
Berzeliaceae,N,Bruniaceae,
Betulaceae,Y,,
Biebersteiniaceae,Y,,
Bignoniaceae,Y,,
Bischofiaceae,N,Phyllanthaceae,
Bixaceae,Y,,
Blandfordiaceae,Y,,
Blepharocaryaceae,N,Anacardiaceae,
Boerlagellaceae,N,Sapotaceae,
Bombacaceae,N,Malvaceae,
Bonnetiaceae,Y,,
Boopidaceae,N,Calyceraceae,
Boraginaceae,Y,,
Boryaceae,Y,,
Brassicaceae,Y,,
Bretschneideraceae,N,Akaniaceae,Y
Brexiaceae,N,Celastraceae,
Bromeliaceae,Y,,
Brunelliaceae,Y,,
Bruniaceae,Y,,
Brunoniaceae,N,Goodeniaceae,
Buddlejaceae,N,Scrophulariaceae,
Burchardiaceae,N,Colchicaceae,
Burmanniaceae,Y,,
Burseraceae,Y,,
Butomaceae,Y,,
Buxaceae,Y,,
Byblidaceae,Y,,
Byttneriaceae,N,Malvaceae,
Cabombaceae,N,Nymphaeaceae,Y
Cactaceae,Y,,
Caesalpiniaceae,N,Fabaceae,
Calceolariaceae,Y,,
Calectasiaceae,N,Dasypogonaceae,
Calligonaceae,N,Polygonaceae,
Callitrichaceae,N,Plantaginaceae,
Calochortaceae,N,Liliaceae,
Calycanthaceae,Y,,
Calyceraceae,Y,,
Campanulaceae,Y,,
Campynemataceae,Y,,
Canacomyricaceae,N,Myricaceae,
Canellaceae,Y,,
Cannabaceae,Y,,
Cannaceae,Y,,
Canotiaceae,N,Celastraceae,
Capparaceae,N,Brassicaceae,
Caprifoliaceae,Y,,
Cardiopteridaceae,Y,,
Caricaceae,Y,,
Carlemanniaceae,Y,,
Carpinaceae,N,Betulaceae,
Carpodetaceae,N,Rousseaceae,
Cartonemataceae,N,Commelinaceae,
Caryocaraceae,Y,,
Caryophyllaceae,Y,,
Cassythaceae,N,Lauraceae,
Casuarinaceae,Y,,
Cecropiaceae,N,Urticacaeae,
Celastraceae,Y,,
Celtidaceae,N,Cannabaceae,
Centrolepidaceae,Y,,
Cephalotaceae,Y,,
Ceratophyllaceae,Y,,
Cercidiphyllaceae,Y,,
Chenopodiaceae,N,Amaranthaceae,
Chionographidaceae,N,Melanthiaceae,
Chloanthaceae,N,Lamiaceae,
Chloranthaceae,Y,,
Chrysobalanaceae,Y,,
Cichoriaceae,N,Asteraceae,
Circaeasteraceae,Y,,
Cistaceae,Y,,
Cleomaceae,N,Brassicaceae,
Clethraceae,Y,,
Clusiaceae,Y,,
Cneoraceae,N,Rutaceae,
Cobaeaceae,N,Polemoniaceae,
Cochlospermaceae,N,Bixaceae,Y
Colchicaceae,Y,,
Columelliaceae,Y,,
Combretaceae,Y,,
Commelinaceae,Y,,
Compositae,N,Asteraceae,
Connaraceae,Y,,
Conostylidaceae,N,Haemodoraceae,
Convallariaceae,N,Ruscaceae,
Convallariaceae,N,Asparagaceae,Y
Convolvulaceae,Y,,
Cordiaceae,N,Boraginaceae,
Coriariaceae,Y,,
Coridaceae,N,Myrsinaceae,
Cornaceae,Y,,
Corokiaceae,N,Argophyllaceae,
Corsiaceae,Y,,
Corylaceae,N,Betulaceae,
Corynocarpaceae,Y,,
Costaceae,Y,,
Crassulaceae,Y,,
Croomiaceae,N,Stemonaceae,
Crossosomataceae,Y,,
Cruciferae,N,Brassicaceae,
Crypteroniaceae,Y,,
Ctenolophonaceae,Y,,
Cucurbitaceae,Y,,
Cunoniaceae,Y,,
Curtisiaceae,Y,,
Cuscutaceae,N,Convolvulaceae,
Cyananthaceae,N,Campanulaceae,
Cyanastraceae,N,Tecophilaeaceae,
Cyclanthaceae,Y,,
Cyclocheilaceae,N,Orobanchaceae,
Cymodoceaceae,Y,,
Cynomoriaceae,Y,,
Cyperaceae,Y,,
Cyphiaceae,N,Lobeliaceae,
Cyphiaceae,N,Campanulaceae,Y
Cyphocarpaceae,N,Lobeliaceae,
Cyphocarpaceae,N,Campanulaceae,Y
Cypripediaceae,N,Orchidaceae,
Cyrillaceae,Y,,
Cytinaceae,Y,,
Dactylanthaceae,N,Balanophoraceae,
Daphniphyllaceae,Y,,
Dasypogonaceae,Y,,
Datiscaceae,Y,,
Davidiaceae,N,Cornaceae,
Davidsoniaceae,N,Cunoniaceae,
Decaisneaceae,N,Lardizabalaceae,
Degeneriaceae,Y,,
Desfontainiaceae,N,Columelliacae,Y
Dialypetalanthaceae,N,Rubiaceae,
Dianellaceae,N,Hemerocallidaceae,
Dianellaceae,N,Xanthorrhoeaceae,Y
Diapensiaceae,Y,,
Dichapetalaceae,N,Chrysobalanaceae,Y
Dichondraceae,N,Convolvulaceae,
Diclidantheraceae,N,Polygalaceae,
Didiereaceae,Y,,
Didymelaceae,N,Buxaceae,Y
Diegodendraceae,N,Bixaceae,Y
Diervillaceae,N,Caprifoliaceae,Y
Dilleniaceae,Y,,
Dionaeaceae,N,Droseraceae,
Dioncophyllaceae,Y,,
Dioscoreaceae,Y,,
Dipentodontaceae,Y,,
Dipsacaceae,N,Caprifoliaceae,Y
Dipterocarpaceae,Y,,
Dirachmaceae,Y,,
Donatiaceae,N,Stylidiaceae,Y
Doryanthaceae,Y,,
Dracaenaceae,N,Ruscaceae,
Dracaenaceae,N,Asparagaceae,Y
Droseraceae,Y,,
Drosophyllaceae,Y,,
Duabangaceae,N,Lythraceae,
Duckeodendraceae,N,Solanaceae,
Dysphaniaceae,N,Amaranthaceae,
Ebenaceae,Y,,
Ecdeiocoleaceae,Y,,
Ehretiaceae,N,Boraginaceae,
Elaeagnaceae,Y,,
Elaeocarpaceae,Y,,
Elatinaceae,Y,,
Ellisiophyllaceae,N,Plantaginaceae,
Emblingiaceae,Y,,
Emottaceae,N,Icacinaceae,
Empetraceae,N,Ericaceae,
Engelhardtiaceae,N,Juglandaceae,
Epacridaceae,N,Ericaceae,
Epimediaceae,N,Berberidaceae,
Eremolepidaceae,N,Santalaceae,
Eremosynaceae,Y,,
Ericaceae,Y,,
Eriocaulaceae,Y,,
Eriospermaceae,N,Ruscaceae,
Eriospermaceae,N,Asparagaceae,Y
Erycibaceae,N,Convolvulaceae,
Erythropalaceae,N,Olacaceae,
Erythroxylaceae,Y,,
Escalloniaceae,Y,,
Eschscholziaceae,N,Papaveraceae,
Eucommiaceae,Y,,
Eucryphiaceae,N,Cunoniaceae,
Euphorbiaceae,Y,,
Euphroniaceae,N,Chrysobalanaceae,Y
Eupomatiaceae,Y,,
Eupteleaceae,Y,,
Euryalaceae,N,Nymphaeaceae,
Eustrephaceae,N,Laxmanniaceae,
Eustrephaceae,N,Asparagaceae,Y
Exbucklandiaceae,N,Hamamelidaceae,
Exocarpaceae,N,Santalaceae,
Fabaceae,Y,,
Fagaceae,Y,,
Flacourtiaceae,N,Salicaceae,
Flagellariaceae,Y,,
Flindersiaceae,N,Rutaceae,
Foetidiaceae,N,Lecythidaceae,
Fouquieriaceae,Y,,
Francoaceae,N,Melianthaceae,Y
Frangulaceae,N,Rhamnaceae,
Frankeniaceae,Y,,
Fumariaceae,N,Papaveraceae,Y
Garryaceae,Y,,
Geissolomataceae,Y,,
Geitonoplesiaceae,N,Hemerocallidaceae,
Geitonoplesiaceae,N,Xanthorrhoeaceae,Y
Gelsemiaceae,Y,,
Geniostomaceae,N,Loganiaceae,
Gentianaceae,Y,,
Geosiridaceae,N,Iridaceae,
Geraniaceae,Y,,
Gesneriaceae,Y,,
Gisekiaceae,Y,,
Glaucidiaceae,N,Ranunculaceae,
Globulariaceae,N,Plantaginaceae,
Goetzeaceae,N,Solanaceae,
Gomortegaceae,Y,,
Gonystylaceae,N,Thymelaeaceae,
Goodeniaceae,Y,,
Goupiaceae,Y,,
Gramineae,N,Poaceae,
Greyiaceae,N,Melianthaceae,
Griseliniaceae,Y,,
Gronoviaceae,N,Loasaceae,
Grossulariaceae,Y,,
Grubbiaceae,Y,,
Gunneraceae,Y,,
Gustaviaceae,N,Lecythidaceae,
Guttiferae,N,Clusiaceae,
Gyrocarpaceae,N,Hernandiaceae,
Gyrostemonaceae,Y,,
Hachetteaceae,N,Balanophoraceae,
Haemodoraceae,Y,,
Halesiaceae,N,Styracaceae,
Halophilaceae,N,Hydrocharitaceae,
Halophytaceae,Y,,
Haloragaceae,Y,,
Hamamelidaceae,Y,,
Hanguanaceae,Y,,
Hectorellaceae,N,Portulacaceae,
Heliamphoraceae,N,Sarraceniaceae,
Heliconiaceae,Y,,
Heliotropiaceae,N,Boraginaceae,
Helleboraceae,N,Ranunculaceae,
Heloniadaceae,N,Melanthiaceae,
Helosaceae,N,Balanophoraceae,
Helwingiaceae,Y,,
Hemerocallidaceae,N,Xanthorrhoeaceae,Y
Hemimeridaceae,N,Plantaginaceae,
Henriqueziaceae,N,Rubiaceae,
Hernandiaceae,Y,,
Herreriaceae,N,Agavaceae,
Herreriaceae,N,Asparagaceae,Y
Hesperocallidaceae,N,Asparagaceae,Y
Heteropyxidaceae,Y,,
Himantandraceae,Y,,
Hippocastanaceae,N,Sapindaceae,
Hippocrateaceae,N,Celastraceae,
Hippuridaceae,N,Plantaginaceae,
Hopkinsiaceae,N,Anarthriaceae,
Hoplestigmataceae,Y,,
Hortoniaceae,N,Monimiaceae,
Hostaceae,N,Agavaceae,
Hostaceae,N,Asparagaceae,Y
Huaceae,Y,,
Huerteaceae,N,Tapisciaceae,
Hugoniaceae,N,Linaceae,
Humbertiaceae,N,Convolvulaceae,
Humiriaceae,Y,,
Hyacinthaceae,N,Asparagaceae,Y
Hydatellaceae,Y,,
Hydnoraceae,Y,,
Hydrangeaceae,Y,,
Hydrastidaceae,N,Ranunculaceae,
Hydrocharitaceae,Y,,
Hydrocotylaceae,N,Araliaceae,
Hydroleaceae,Y,,
Hydropeltidaceae,N,Nymphaeaceae,
Hydrophyllaceae,N,Boraginaceae,
Hydrostachyaceae,Y,,
Hymenocardiaceae,N,Phyllanthaceae,
Hypecoaceae,N,Papaveraceae,
Hypericaceae,Y,,
Hypoxidaceae,Y,,
Hypseocharitaceae,N,Geraniaceae,Y
Icacinaceae,Y,,
Idiospermaceae,N,Calycanthaceae,
Illecebraceae,N,Caryophyllaceae,
Illiciaceae,N,Schisandraceae,Y
Iridaceae,Y,,
Irvingiaceae,Y,,
Isophysidaceae,N,Iridaceae,
Iteaceae,Y,,
Ixerbaceae,Y,,
Ixioliriaceae,Y,,
Ixonanthaceae,Y,,
Japonoliriaceae,N,Petrosaviaceae,
Johnsoniaceae,N,Hemerocallidaceae,
Johnsoniaceae,N,Xanthorrhoeaceae,Y
Joinvilleaceae,Y,,
Juglandaceae,Y,,
Julianiaceae,N,Anacardiaceae,
Juncaceae,Y,,
Juncaginaceae,Y,,
Justiciaceae,N,Acanthaceae,
Kaliphoraceae,N,Montiniaceae,
Kiggelariaceae,N,Achariaceae,
Kingdoniaceae,N,Circaeasteraceae,Y
Kirengeshomaceae,N,Hydrangeaceae,
Kirkiaceae,Y,,
Koeberliniaceae,Y,,
Krameriaceae,N,Zygophyllaceae,Y
Labiatae,N,Lamiaceae,
Lacandoniaceae,N,Triuridaceae,
Lacistemataceae,Y,,
Lactoridaceae,Y,,
Lamiaceae,Y,,
Lanariaceae,Y,,
Langsdorffiaceae,N,Balanophoraceae,
Lardizabalaceae,Y,,
Lauraceae,Y,,
Laxmanniaceae,N,Asparagaceae,Y
Lecythidaceae,Y,,
Ledocarpaceae,Y,,
Leeaceae,N,Vitaceae,
Leguminosae,N,Fabaceae,
Leitneriaceae,N,Simaroubaceae,
Lemnaceae,N,Araceae,
Lennoaceae,N,Boraginaceae,
Lentibulariaceae,Y,,
Leoniaceae,N,Violaceae,
Leonticaceae,N,Berberidaceae,
Lepidobotryaceae,Y,,
Lepuropetalaceae,N,Parnassiaceae,Y
Lilaeaceae,N,Juncaginaceae,
Liliaceae,Y,,
Limnanthaceae,Y,,
Limnocharitaceae,Y,,
Limoniaceae,N,Plumbaginaceae,
Linaceae,Y,,
Lindenbergiaceae,N,Orobanchaceae,
Linnaeaceae,N,Caprifoliaceae,Y
Liriodendraceae,N,Magnoliaceae,
Lissocarpaceae,N,Ebenaceae,
Loasaceae,Y,,
Lobeliaceae,N,Campanulaceae,Y
Loganiaceae,Y,,
Lomandraceae,N,Laxmanniaceae,
Lomandraceae,N,Asparagaceae,Y
Lophiolaceae,N,Nartheciaceae,
Lophiraceae,N,Ochnaceae,
Lophophytaceae,N,Balanophoraceae,
Lophopyxidaceae,Y,,
Loranthaceae,Y,,
Lowiaceae,Y,,
Luxemburgiaceae,N,Ochnaceae,
Luzuriagaceae,Y,,
Lyginiaceae,N,Anarthriaceae,
Lythraceae,Y,,
Mackinlayaceae,Y,,
Maesaceae,Y,,
Magnoliaceae,Y,,
Malaceae,N,Rosaceae,
Malesherbiaceae,N,Passifloraceae,Y
Malpighiaceae,Y,,
Malvaceae,Y,,
Marantaceae,Y,,
Marcgraviaceae,Y,,
Martyniaceae,Y,,
Mastixiaceae,N,Cornaceae,
Maundiaceae,N,Juncaginaceae,
Mayacaceae,Y,,
Medeolaceae,N,Liliaceae,
Medusagynaceae,N,Ochnaceae,Y
Medusandraceae,Y,,
Melanophyllaceae,Y,,
Melanthiaceae,Y,,
Melastomataceae,Y,,
Meliaceae,Y,,
Melianthaceae,Y,,
Meliosmaceae,N,Sabiaceae,
Memecylaceae,N,Melastomataceae,Y
Mendonciaceae,N,Acanthaceae,
Menispermaceae,Y,,
Menyanthaceae,Y,,
Mesembryanthemaceae,N,Aizoaceae,
Metteniusaceae,Y,,
Meyeniaceae,N,Acanthaceae,
Milulaceae,N,Alliaceae,
Mimosaceae,N,Fabaceae,
Misodendraceae,Y,,
Mitrastemonaceae,Y,,
Molluginaceae,Y,,
Monimiaceae,Y,,
Monotaceae,N,Dipterocarpaceae,
Monotropaceae,N,Ericaceae,
Montiniaceae,Y,,
Moraceae,Y,,
Morinaceae,N,Caprifoliaceae,Y
Moringaceae,Y,,
Mouririaceae,N,Memecylaceae,
Mouririaceae,N,Melastomataceae,Y
Moutabeaceae,N,Polygalaceae,
Muntingiaceae,Y,,
Musaceae,Y,,
Myodocarpaceae,Y,,
Myoporaceae,N,Scrophulariaceae,
Myricaceae,Y,,
Myriophyllaceae,N,Haloragaceae,
Myristicaceae,Y,,
Myrothamnaceae,N,Gunneraceae,Y
Myrsinaceae,Y,,
Myrtaceae,Y,,
Mystropetalaceae,N,Balanophoraceae,
Najadaceae,N,Hydrocharitaceae,
Nandinaceae,N,Berberidaceae,
Napoleonaceae,N,Lecythidaceae,
Nartheciaceae,Y,,
Naucleaceae,N,Rubiaceae,
Nectaropetalaceae,N,Erythroxylaceae,
Nelsoniaceae,N,Acanthaceae,
Nelumbonaceae,Y,,
Nemacladaceae,N,Lobeliaceae,
Nemacladaceae,N,Campanulaceae,Y
Nepenthaceae,Y,,
Nesogenaceae,N,Orobanchaceae,
Neuradaceae,Y,,
Neuwiediaceae,N,Orchidaceae,
Nitrariaceae,Y,,
Nolanaceae,N,Solanaceae,
Nolinaceae,N,Ruscaceae,
Nolinaceae,N,Asparagaceae,Y
Nothofagaceae,Y,,
Nupharaceae,N,Nymphaeaceae,
Nyctaginaceae,Y,,
Nyctanthaceae,N,Oleaceae,
Nymphaeaceae,Y,,
Nypaceae,N,Arecaceae,
Nyssaceae,N,Cornaceae,Y
Ochnaceae,Y,,
Octoknemaceae,N,Olacaceae,
Oftiaceae,N,Scrophulariaceae,
Olacaceae,Y,,
Oleaceae,Y,,
Oliniaceae,Y,,
Onagraceae,Y,,
Oncothecaceae,Y,,
Ophiopogonaceae,N,Ruscaceae,
Ophiopogonaceae,N,Asparagaceae,Y
Opiliaceae,Y,,
Orchidaceae,Y,,
Orobanchaceae,Y,,
Orontiaceae,N,Araceae,
Oxalidaceae,Y,,
Oxystylidaceae,N,Brassicaceae,
Pachysandraceae,N,Buxaceae,
Paeoniaceae,Y,,
Paivaeusaceae,N,Picrodendraceae,
Palmae,N,Arecaceae,
Pandaceae,Y,,
Pandanaceae,Y,,
Pangiaceae,N,Achariaceae,
Papaveraceae,Y,,
Papilionaceae,N,Fabaceae,
Paracryphiaceae,Y,,
Parnassiaceae,Y,,
Paronychiaceae,N,Caryophyllaceae,
Paropsiaceae,N,Passifloraceae,
Passifloraceae,Y,,
Paulowniaceae,Y,,
Pedaliaceae,Y,,
Peganaceae,N,Nitrariaceae,Y
Pellicieraceae,N,Tetrameristaceae,Y
Penaeaceae,Y,,
Pennantiaceae,Y,,
Pentadiplandraceae,Y,,
Pentaphragmataceae,Y,,
Pentaphylacaceae,Y,,
Pentastemonaceae,N,Stemonaceae,
Penthoraceae,N,Haloragaceae,Y
Peperomiaceae,N,Piperaceae,
Peraceae,N,Euphorbiaceae,
Peridiscaceae,Y,,
Periplocaceae,N,Apocynaceae,
Peripterygiaceae,N,Cardiopteridaceae,
Petermanniaceae,N,Colchicaceae,
Petiveriaceae,N,Phytolaccaceae,
Petrosaviaceae,Y,,
Phellinaceae,Y,,
Philadelphaceae,N,Hydrangeaceae,
Philesiaceae,Y,,
Philydraceae,Y,,
Phormiaceae,N,Hemerocallidaceae,
Phormiaceae,N,Xanthorrhoeaceae,Y
Phrymaceae,Y,,
Phyllanthaceae,Y,,
Phyllonomaceae,Y,,
Physenaceae,Y,,
Phytolaccaceae,Y,,
Picramniaceae,Y,,
Picrodendraceae,Y,,
Piperaceae,Y,,
Pistiaceae,N,Araceae,
Pittosporaceae,Y,,
Plagiopteraceae,N,Celastraceae,
Plantaginaceae,Y,,
Platanaceae,N,Proteaceae,Y
Platycaryaceae,N,Juglandaceae,
Platyspermataceae,N,Escalloniaceae,
Platystemonaceae,N,Papaveraceae,
Plocospermataceae,Y,,
Plumbaginaceae,Y,,
Plumeriaceae,N,Apocynaceae,
Poaceae,Y,,
Podoaceae,N,Anacardiaceae,
Podophyllaceae,N,Berberidaceae,
Podostemaceae,Y,,
Polemoniaceae,Y,,
Poliothyrsidaceae,N,Salicaceae,
Polpodaceae,N,Molluginaceae,
Polygalaceae,Y,,
Polygonaceae,Y,,
Polygonanthaceae,N,Anisophylleaceae,
Polyosmaceae,Y,,
Pontederiaceae,Y,,
Porantheraceae,N,Phyllanthaceae,
Portulacaceae,Y,,
Portulacariaceae,N,Portulacaceae,
Posidoniaceae,Y,,
Potaliaceae,N,Gentianaceae,
Potamogetonaceae,Y,,
Pottingeriaceae,Y,,
Primulaceae,Y,,
Prioniaceae,N,Thurniaceae,
Prionotaceae,N,Ericaceae,
Proteaceae,Y,,
Pseudanthaceae,N,Picrodendraceae,
Psiloxylaceae,Y,,
Ptaeroxylaceae,N,Rutaceae,
Pteridophyllaceae,N,Papaveraceae,Y
Pterostemonaceae,N,Iteaceae,Y
Punicaceae,N,Lythraceae,
Putranjivaceae,Y,,
Pyrolaceae,N,Ericaceae,
Quiinaceae,N,Ochnaceae,Y
Quillajaceae,Y,,
Quintiniaceae,N,Sphenostemonaceae,
Rafflesiaceae,Y,,
Ranunculaceae,Y,,
Ranzaniaceae,N,Berberidaceae,
Rapateaceae,Y,,
Reaumuriaceae,N,Tamaricaceae,
Resedaceae,Y,,
Restionaceae,Y,,
Retziaceae,N,Stilbaceae,
Rhabdodendraceae,Y,,
Rhamnaceae,Y,,
Rhinanthaceae,N,Orobanchaceae,
Rhipogonaceae,Y,,
Rhizophoraceae,N,Erythroxylaceae,Y
Rhodoleiaceae,N,Hamamelidaceae,
Rhoipteleaceae,N,Juglandaceae,Y
Rhopalocarpaceae,N,Sphaerosepalaceae,
Rhynchocalycaceae,Y,,
Rhynchothecaceae,N,Ledocarpaceae,
Roridulaceae,Y,,
Rosaceae,Y,,
Rousseaceae,Y,,
Roxburghiaceae,N,Stemonaceae,
Rubiaceae,Y,,
Ruppiaceae,Y,,
Ruscaceae,N,Asparagaceae,Y
Rutaceae,Y,,
Sabiaceae,Y,,
Saccifoliaceae,N,Gentianaceae,
Salazariaceae,N,Lamiaceae,
Salicaceae,Y,,
Salicorniaceae,N,Amaranthaceae,
Salpiglossidaceae,N,Solanaceae,
Salsolaceae,N,Amaranthaceae,
Salvadoraceae,Y,,
Sambucaceae,N,Adoxaceae,
Samolaceae,N,Theophrastaceae,
Samydaceae,N,Salicaceae,
Saniculaceae,N,Apiaceae,
Sansevieriaceae,N,Ruscaceae,
Sansevieriaceae,N,Asparagaceae,Y
Santalaceae,Y,,
Sapindaceae,Y,,
Sapotaceae,Y,,
Sarcobataceae,Y,,
Sarcolaenaceae,Y,,
Sarcophytaceae,N,Balanophoraceae,
Sarcospermataceae,N,Sapotaceae,
Sargentodoxaceae,N,Lardizabalaceae,
Sarraceniaceae,Y,,
Saurauiaceae,N,Actinidiaceae,
Saururaceae,Y,,
Sauvagesiaceae,N,Ochnaceae,
Saxifragaceae,Y,,
Scaevolaceae,N,Goodeniaceae,
Scepaceae,N,Phyllanthaceae,
Scheuchzeriaceae,Y,,
Schisandraceae,Y,,
Schlegeliaceae,Y,,
Sclerophylacaceae,N,Solanaceae,
Scoliopaceae,N,Liliaceae,
Scrophulariaceae,Y,,
Scybaliaceae,N,Balanophoraceae,
Scyphostegiaceae,N,Salicaceae,
Scytopetalaceae,N,Lecythidaceae,
Selaginaceae,N,Scrophulariaceae,
Sesamaceae,N,Pedaliaceae,
Sesuviaceae,N,Aizoaceae,
Setchellanthaceae,Y,,
Simaroubaceae,Y,,
Simmondsiaceae,Y,,
Sinofranchetiaceae,N,Lardizabalaceae,
Siparunaceae,Y,,
Siphonodontaceae,N,Celastraceae,
Sladeniaceae,N,Pentaphylacaceae,Y
Smilacaceae,Y,,
Solanaceae,Y,,
Sonneratiaceae,N,Lythraceae,
Sparganiaceae,Y,,
Spergulaceae,N,Caryophyllaceae,
Sphaerosepalaceae,Y,,
Sphenocleaceae,Y,,
Sphenostemonaceae,Y,,
Spigeliaceae,N,Loganiaceae,
Spiraeaceae,N,Rosaceae,
Stachyuraceae,Y,,
Stackhousiaceae,N,Celastraceae,
Staphyleaceae,Y,,
Staticaceae,N,Plumbaginaceae,
Stegnospermataceae,Y,,
Stemonaceae,Y,,
Stemonuraceae,Y,,
Stenomeridaceae,N,Dioscoreaceae,
Sterculiaceae,N,Malvaceae,
Stilaginaceae,N,Euphorbiaceae,
Stilbaceae,Y,,
Strasburgeriaceae,Y,,
Strelitziaceae,Y,,
Streptochaetaceae,N,Poaceae,
Strychnaceae,N,Loganiaceae,
Stylidiaceae,Y,,
Stylobasiaceae,N,Surianaceae,
Stylocerataceae,N,Buxaceae,
Styracaceae,Y,,
Surianaceae,Y,,
Symphoremataceae,N,Lamiaceae,
Symplocaceae,Y,,
Taccaceae,N,Dioscoreaceae,
Takhtajaniaceae,N,Winteraceae,
Talinaceae,N,Portulacaceae,
Tamaricaceae,Y,,
Tapisciaceae,Y,,
Tecophilaeaceae,Y,,
Tepuianthaceae,N,Thymelaeaceae,
Ternstroemiaceae,N,Pentaphylacaceae,Y
Tetracarpaeaceae,N,Haloragaceae,Y
Tetracentraceae,N,Trochodendraceae,Y
Tetrachondraceae,Y,,
Tetradiclidaceae,Y,,
Tetragoniaceae,N,Aizoaceae,
Tetramelaceae,Y,,
Tetrameristaceae,Y,,
Tetrastylidiaceae,N,Olacaceae,
Thalassiaceae,N,Hydrocharitaceae,
Thalictraceae,N,Ranunculaceae,
Theaceae,Y,,
Theligonaceae,N,Rubiaceae,
Themidaceae,N,Asparagaceae,Y
Theophrastaceae,Y,,
Thismiaceae,N,Burmanniaceae,
Thomandersiaceae,N,Acanthaceae,
Thunbergiaceae,N,Acanthaceae,
Thurniaceae,Y,,
Thymelaeaceae,Y,,
Ticodendraceae,Y,,
Tiliaceae,N,Malvaceae,
Tofieldiaceae,Y,,
Torricelliaceae,Y,,
Tovariaceae,Y,,
Trapaceae,N,Lythraceae,
Trapellaceae,N,Pedaliaceae,
Tremandraceae,N,Elaeocarpaceae,
Trewiaceae,N,Euphorbiaceae,
Tribelaceae,Y,,
Tribulaceae,N,Zygophyllaceae,
Trichopodaceae,N,Dioscoreaceae,
Tricyrtidaceae,N,Liliaceae,
Trigoniaceae,N,Chrysobalanaceae,Y
Trilliaceae,N,Melanthiaceae,
Trimeniaceae,Y,,
Triplostegiaceae,N,Dipsaceaceae,
Triplostegiaceae,N,Caprifoliaceae,Y
Tristichaceae,N,Podostemaceae,
Triuridaceae,Y,,
Trochodendraceae,Y,,
Tropaeolaceae,Y,,
Tulbaghiaceae,N,Alliaceae,
Turneraceae,N,Passifloraceae,Y
Typhaceae,Y,,
Uapacaceae,N,Phyllanthaceae,
Ulmaceae,Y,,
Umbelliferae,N,Apiaceae,
Urticaceae,Y,,
Uvulariaceae,N,Colchicaceae,
Vacciniaceae,N,Ericaceae,
Vahliaceae,Y,,
Valerianaceae,N,Caprifoliaceae,Y
Vallisneriaceae,N,Hydrocharitaceae,
Velloziaceae,Y,,
Verbascaceae,N,Scrophulariaceae,
Verbenaceae,Y,,
Veronicaceae,N,Plantaginaceae,
Viburnaceae,N,Adoxaceae,
Violaceae,Y,,
Viscaceae,N,Santalaceae,
Vitaceae,Y,,
Viticaceae,N,Lamiaceae,
Vivianiaceae,Y,,
Vochysiaceae,Y,,
Walleriaceae,N,Tecophilaeaceae,
Wellstediaceae,N,Boraginaceae,
Winteraceae,Y,,
Xanthophyllaceae,N,Polygalaceae,
Xanthorrhoeaceae,Y,,
Xeronemataceae,Y,,
Xerophyllaceae,N,Melanthiaceae,
Xyridaceae,Y,,
Zannichelliaceae,N,Potamogetonaceae,
Zingiberaceae,Y,,
Zosteraceae,Y,,
Zygophyllaceae,Y,,
